{
    "cube": {
        "position": [
            0.014000712893903255,
            0.027116911485791206,
            0.0010806641075760126
        ],
        "orientation": [
            0.9156481027603149,
            -0.00016494990268256515,
            7.150837336666882e-05,
            0.40198054909706116
        ]
    },
    "robot_1_tip": {
        "position": [
            0.03516335412859917,
            7.397300214506686e-05,
            0.002809834200888872
        ],
        "orientation": [
            0.9587080478668213,
            0.0003844652383122593,
            0.2843916714191437,
            -0.00014002200623508543
        ]
    },
    "robot_2_tip": {
        "position": [
            -0.045308224856853485,
            3.241729427827522e-05,
            0.004780269227921963
        ],
        "orientation": [
            0.9687746167182922,
            -0.006642691791057587,
            -0.24773213267326355,
            0.007759508676826954
        ]
    },
    "meta": {
        "arm_names": [
            "PSM1",
            "PSM2"
        ],
        "teleop1_connection": "Phantom Omni-PSM1",
        "teleop2_connection": "MTMR-PSM2",
        "surgeon_name": "Alaa",
        "assistant_name": "Jiaqi",
        "mtm_scale": 0.4,
        "duration": 30
    }
}