{
    "cube": {
        "position": [
            1.9118569980491884e-06,
            5.072273052064702e-05,
            0.0012942143948748708
        ],
        "orientation": [
            0.9999995827674866,
            -0.0001905265380628407,
            0.0006975980941206217,
            -0.00036062111030332744
        ]
    },
    "robot_1_tip": {
        "position": [
            0.03516311198472977,
            7.417320739477873e-05,
            0.002810113597661257
        ],
        "orientation": [
            0.9587131142616272,
            0.00039089639903977513,
            0.2843746542930603,
            -0.0001329867372987792
        ]
    },
    "robot_2_tip": {
        "position": [
            -0.04523717239499092,
            -3.980226665589726e-06,
            0.00473233126103878
        ],
        "orientation": [
            0.96780925989151,
            2.428359402983915e-05,
            -0.2516842782497406,
            -0.00036150627420283854
        ]
    }
}