{
    "meta": {
        "arm_names": [
            "PSM1",
            "PSM2",
            "PSM3"
        ],
        "teleop1_connection": "MTML-PSM1",
        "teleop2_connection": "MTMR-PSM2",
        "teleop3_connection": "PO-PSM3",
        "surgeon_name": "Alaa",
        "assistant_name": "Jiaqi",
        "mtm_scale": 0.4,
        "duration": 30
    },
    "cube_rigid_1": {
        "position": [
            0.000142139513627626,
            0.0041550928726792336,
            0.0012907155323773623
        ],
        "orientation": [
            0.7070397138595581,
            -0.7071725130081177,
            0.0010573231847956777,
            -0.0008552557555958629
        ]
    },
    "cube_rigid_2": {
        "position": [
            0.05000049248337746,
            0.010000208392739296,
            0.0012561946641653776
        ],
        "orientation": [
            0.9999839663505554,
            -0.0001798208395484835,
            0.005655588116496801,
            1.7507576558273286e-05
        ]
    },
    "cube_rigid_3": {
        "position": [
            -0.04999217763543129,
            0.010059702210128307,
            0.0012951480457559228
        ],
        "orientation": [
            0.9999998807907104,
            6.368181402649498e-06,
            1.9283975234429818e-06,
            0.0002389600413152948
        ]
    },
    "cube_rigid_4": {
        "position": [
            4.937809308103169e-07,
            0.05500094220042229,
            0.004240468610078096
        ],
        "orientation": [
            0.999993622303009,
            -0.0035742998588830233,
            1.2711280987787177e-06,
            -6.619137366215e-06
        ]
    },
    "robot_1_tip": {
        "position": [
            0.05745422840118408,
            -5.052294000051916e-06,
            0.0019883643835783005
        ],
        "orientation": [
            0.9526943564414978,
            -0.0001933108433149755,
            0.30392926931381226,
            0.0006649759015999734
        ]
    },
    "robot_2_tip": {
        "position": [
            -0.06093965470790863,
            -9.815495286602527e-05,
            0.002416391856968403
        ],
        "orientation": [
            0.9651647210121155,
            -0.00037796382093802094,
            -0.26164212822914124,
            -0.00035891254083253443
        ]
    },
    "robot_3_tip": {
        "position": [
            0.00019102646911051124,
            -0.011351369321346283,
            0.002348889596760273
        ],
        "orientation": [
            0.9919134974479675,
            0.12690332531929016,
            0.0017582224681973457,
            0.00029870186699554324
        ]
    }
}