{
    "meta": {
        "arm_names": [
            "PSM1",
            "PSM2",
            "PSM3"
        ],
        "teleop1_connection": "MTML-PSM1",
        "teleop2_connection": "MTMR-PSM2",
        "teleop3_connection": "PO-PSM3",
        "surgeon_name": "Alaa",
        "assistant_name": "Jiaqi",
        "mtm_scale": 0.4,
        "duration": 30
    },
    "cube_rigid_1": {
        "position": [
            0.00013698516704607755,
            0.004155599977821112,
            0.0012912115780636668
        ],
        "orientation": [
            0.7069510221481323,
            -0.7072590589523315,
            0.0016467859968543053,
            -0.001416825340129435
        ]
    },
    "cube_rigid_2": {
        "position": [
            0.050000619143247604,
            0.01000018697232008,
            0.0012559148017317057
        ],
        "orientation": [
            0.9999639987945557,
            -0.00019033490389119834,
            0.008474675938487053,
            4.8173951654462144e-05
        ]
    },
    "cube_rigid_3": {
        "position": [
            -0.04998825863003731,
            0.010059799998998642,
            0.001295178895816207
        ],
        "orientation": [
            0.9999998807907104,
            5.399553629104048e-06,
            -6.474279530266358e-07,
            0.00028947368264198303
        ]
    },
    "cube_rigid_4": {
        "position": [
            4.943475460095215e-07,
            0.055000945925712585,
            0.004240487702190876
        ],
        "orientation": [
            0.999993622303009,
            -0.0035727769136428833,
            1.5822751038285787e-06,
            -6.385173492162721e-06
        ]
    },
    "robot_1_tip": {
        "position": [
            0.05790700018405914,
            2.667498483788222e-05,
            0.002031018491834402
        ],
        "orientation": [
            0.9574124813079834,
            8.068777242442593e-05,
            0.2887232303619385,
            0.0003287207509856671
        ]
    },
    "robot_2_tip": {
        "position": [
            -0.05645698308944702,
            -6.065811976441182e-05,
            0.0067547960206866264
        ],
        "orientation": [
            0.9583635330200195,
            -0.00014372891746461391,
            -0.28555041551589966,
            -0.0004512527375482023
        ]
    },
    "robot_3_tip": {
        "position": [
            0.0001911125291371718,
            -0.011352362111210823,
            0.002348661422729492
        ],
        "orientation": [
            0.991913914680481,
            0.12689928710460663,
            0.0017583172302693129,
            0.00029715150594711304
        ]
    }
}