{
    "meta": {
        "arm_names": [
            "PSM1",
            "PSM2",
            "PSM3"
        ],
        "teleop1_connection": "MTML-PSM1",
        "teleop2_connection": "MTMR-PSM2",
        "teleop3_connection": "PO-PSM3",
        "surgeon_name": "Alaa",
        "assistant_name": "Jiaqi",
        "mtm_scale": 0.4,
        "duration": 30
    },
    "cube_rigid_1": {
        "position": [
            0.00013698555994778872,
            0.004155595321208239,
            0.0012911967933177948
        ],
        "orientation": [
            0.7069525122642517,
            -0.7072575688362122,
            0.0016470950795337558,
            -0.0014165871543809772
        ]
    },
    "cube_rigid_2": {
        "position": [
            0.050000619143247604,
            0.010000187903642654,
            0.0012559223687276244
        ],
        "orientation": [
            0.9999639987945557,
            -0.00019105194951407611,
            0.008474661037325859,
            4.809745223610662e-05
        ]
    },
    "cube_rigid_3": {
        "position": [
            -0.04998825490474701,
            0.010059678927063942,
            0.0012951551470905542
        ],
        "orientation": [
            0.9999999403953552,
            7.2622488005436026e-06,
            3.447014705670881e-06,
            0.00028574149473570287
        ]
    },
    "cube_rigid_4": {
        "position": [
            4.938084430250456e-07,
            0.055000945925712585,
            0.004240464884787798
        ],
        "orientation": [
            0.999993622303009,
            -0.0035743184853345156,
            1.4513905171043007e-06,
            -6.613637651753379e-06
        ]
    },
    "robot_1_tip": {
        "position": [
            0.05790698155760765,
            2.652659713930916e-05,
            0.0020311069674789906
        ],
        "orientation": [
            0.9574125409126282,
            7.929477578727528e-05,
            0.288722962141037,
            0.0003266156418249011
        ]
    },
    "robot_2_tip": {
        "position": [
            -0.056456826627254486,
            -6.066443893359974e-05,
            0.0067548914812505245
        ],
        "orientation": [
            0.9583617448806763,
            -0.00014428378199227154,
            -0.2855564057826996,
            -0.00045095899258740246
        ]
    },
    "robot_3_tip": {
        "position": [
            0.00019110430730506778,
            -0.011352374218404293,
            0.0023486893624067307
        ],
        "orientation": [
            0.9919139742851257,
            0.12689891457557678,
            0.0017580571584403515,
            0.0002975358220282942
        ]
    }
}