{
    "cube": {
        "position": [
            0.037190407514572144,
            -0.03254358470439911,
            0.001294709974899888
        ],
        "orientation": [
            0.9914960861206055,
            1.187072484754026e-06,
            1.4055369774723658e-06,
            -0.1301361471414566
        ]
    },
    "robot_1_tip": {
        "position": [
            0.03516394644975662,
            7.231461495393887e-05,
            0.002810366451740265
        ],
        "orientation": [
            0.9586937427520752,
            0.00026824334054253995,
            0.2844400107860565,
            -0.0001684999733697623
        ]
    },
    "robot_2_tip": {
        "position": [
            -0.04523685947060585,
            -4.475381047086557e-06,
            0.004732041619718075
        ],
        "orientation": [
            0.967803418636322,
            2.8642647521337494e-05,
            -0.25170695781707764,
            -0.00035733971162699163
        ]
    },
    "meta": {
        "arm_names": [
            "PSM1",
            "PSM2"
        ],
        "teleop1_connection": "MTML-PSM1",
        "teleop2_connection": "MTMR-PSM2",
        "surgeon_name": "Jiaqi",
        "assistant_name": "Jiaqi",
        "mtm_scale": 0.8,
        "duration": 30
    }
}