{
    "cube": {
        "position": [
            -1.3650028449774254e-06,
            5.084071381133981e-05,
            0.0012941289460286498
        ],
        "orientation": [
            0.9999997019767761,
            -0.00021109182853251696,
            -0.0006707579595968127,
            -0.0003461542073637247
        ]
    },
    "robot_1_tip": {
        "position": [
            0.03516300767660141,
            7.427843956975266e-05,
            0.002810247242450714
        ],
        "orientation": [
            0.958710253238678,
            0.00038821034831926227,
            0.284384161233902,
            -0.00013721031427849084
        ]
    },
    "robot_2_tip": {
        "position": [
            -0.04523717984557152,
            -4.143300884607015e-06,
            0.004732447676360607
        ],
        "orientation": [
            0.9678056836128235,
            2.8091821150155738e-05,
            -0.2516980767250061,
            -0.0003600620839279145
        ]
    }
}