{
    "cube": {
        "position": [
            0.013847459107637405,
            0.005538450554013252,
            0.001284269499592483
        ],
        "orientation": [
            0.7111518979072571,
            -0.00030270745628513396,
            -0.00018244040256831795,
            -0.7030381560325623
        ]
    },
    "robot_1_tip": {
        "position": [
            0.035163383930921555,
            7.398534216918051e-05,
            0.0028098602779209614
        ],
        "orientation": [
            0.9587080478668213,
            0.0003846654435619712,
            0.28439170122146606,
            -0.00014011560415383428
        ]
    },
    "robot_2_tip": {
        "position": [
            -0.04525323584675789,
            -3.2462834496982396e-05,
            0.004723339341580868
        ],
        "orientation": [
            0.9694254398345947,
            -0.006255995947867632,
            -0.24530082941055298,
            0.0016276739770546556
        ]
    },
    "meta": {
        "arm_names": [
            "PSM1",
            "PSM2"
        ],
        "teleop1_connection": "Phantom Omni-PSM1",
        "teleop2_connection": "MTMR-PSM2",
        "surgeon_name": "Alaa",
        "assistant_name": "Jiaqi",
        "mtm_scale": 0.4,
        "duration": 30
    }
}