{
    "meta": {
        "arm_names": [
            "PSM1",
            "PSM2",
            "PSM3"
        ],
        "teleop1_connection": "MTML-PSM1",
        "teleop2_connection": "MTMR-PSM2",
        "teleop3_connection": "PO-PSM3",
        "surgeon_name": "Alaa",
        "assistant_name": "Jiaqi",
        "mtm_scale": 0.4,
        "duration": 30
    },
    "cube_rigid_1": {
        "position": [
            0.00013698640395887196,
            0.004155599977821112,
            0.0012912022648379207
        ],
        "orientation": [
            0.7069511413574219,
            -0.7072589993476868,
            0.0016471549170091748,
            -0.0014163932064548135
        ]
    },
    "cube_rigid_2": {
        "position": [
            0.050000619143247604,
            0.01000018510967493,
            0.0012558989692479372
        ],
        "orientation": [
            0.9999639987945557,
            -0.0001919263886520639,
            0.008475436829030514,
            4.941009683534503e-05
        ]
    },
    "cube_rigid_3": {
        "position": [
            -0.04998825863003731,
            0.010059799067676067,
            0.0012951715616509318
        ],
        "orientation": [
            0.9999999403953552,
            5.319575848261593e-06,
            3.737950180493499e-07,
            0.00028951503918506205
        ]
    },
    "cube_rigid_4": {
        "position": [
            4.937483026878908e-07,
            0.05500094220042229,
            0.004240464419126511
        ],
        "orientation": [
            0.9999935626983643,
            -0.00357309659011662,
            1.4601100417621637e-07,
            -6.20026548858732e-06
        ]
    },
    "robot_1_tip": {
        "position": [
            0.05790707468986511,
            2.6405794415040873e-05,
            0.0020310464315116405
        ],
        "orientation": [
            0.9574133157730103,
            8.177975541912019e-05,
            0.28872039914131165,
            0.00033646219526417553
        ]
    },
    "robot_2_tip": {
        "position": [
            -0.056457072496414185,
            -6.0736936575267464e-05,
            0.006754732690751553
        ],
        "orientation": [
            0.9583653211593628,
            -0.00014480549725703895,
            -0.28554418683052063,
            -0.0004570542660076171
        ]
    },
    "robot_3_tip": {
        "position": [
            0.0001911125291371718,
            -0.011352362111210823,
            0.002348661422729492
        ],
        "orientation": [
            0.991913914680481,
            0.12689928710460663,
            0.0017583172302693129,
            0.00029715150594711304
        ]
    }
}