{
    "cubes": {
        "cube_rigid_1": {
            "position": [
                -0.0084711704403162,
                0.004150162450969219,
                0.0012949261581525207
            ],
            "orientation": [
                0.7780807614326477,
                -0.001947965589351952,
                -0.001545513398014009,
                0.6281593441963196
            ]
        },
        "cube_rigid_2": {
            "position": [
                0.05012412741780281,
                0.010030603967607021,
                0.0010866636876016855
            ],
            "orientation": [
                0.9999988079071045,
                -0.00017358531476929784,
                7.766680596432707e-07,
                0.0015388618921861053
            ]
        },
        "cube_rigid_3": {
            "position": [
                -0.05113159492611885,
                0.02387481927871704,
                0.001081993104889989
            ],
            "orientation": [
                0.8845860958099365,
                -0.00015688498388044536,
                8.448330481769517e-05,
                0.46637675166130066
            ]
        },
        "cube_rigid_4": {
            "position": [
                8.502779564878438e-07,
                0.05500028654932976,
                0.004070488270372152
            ],
            "orientation": [
                0.9999818801879883,
                0.004161876626312733,
                0.00434128986671567,
                -1.6482556475239107e-07
            ]
        }
    },
    "robot_1_tip": {
        "position": [
            0.06072944402694702,
            1.1096934940724168e-05,
            0.0016193240880966187
        ],
        "orientation": [
            0.9610927104949951,
            -0.00011773805454140529,
            0.2762256860733032,
            -0.0001958517823368311
        ]
    },
    "robot_2_tip": {
        "position": [
            -0.06093360856175423,
            -0.00018139075837098062,
            0.0023201387375593185
        ],
        "orientation": [
            0.9652141332626343,
            -0.0007332612876780331,
            -0.2614591717720032,
            -0.00045974666136316955
        ]
    },
    "robot_3_tip": {
        "position": [
            0.00019948912085965276,
            -0.00873485766351223,
            0.0019246572628617287
        ],
        "orientation": [
            0.9902054071426392,
            0.1396065205335617,
            0.0017215077532455325,
            0.0003551077388692647
        ]
    },
    "meta": {
        "arm_names": [
            "PSM1",
            "PSM2",
            "PSM3"
        ],
        "teleop1_connection": "MTML-PSM1",
        "teleop2_connection": "MTMR-PSM2",
        "teleop3_connection": "PO-PSM3",
        "surgeon_name": "Alaa",
        "assistant_name": "Jiaqi",
        "mtm_scale": 0.4,
        "duration": 30
    }
}