{
    "total_demos": 8,
    "total_success": 3,
    "red_success": 6,
    "green_success": 6,
    "blue_success": 5,
    "demos_with_errors": 1,
    "timing_stats": {
        "avg_duration": 40.01418226105826,
        "avg_success_time": 26.073416675840104,
        "min_success_time": 24.847952365875244,
        "max_success_time": 28.366557121276855,
        "demos_with_timing": 7
    },
    "demo_results": {
        "demo_01": {
            "success": false,
            "red_contact": true,
            "green_contact": true,
            "blue_contact": false,
            "timing": {
                "total_duration": 40.011991024017334,
                "success_time": 25.210879802703857,
                "first_contact_times": {
                    "red": 23.727712392807007,
                    "green": 25.210879802703857,
                    "blue": null
                }
            },
            "path": "demo_01/success.json",
            "total_duration": 40.011991024017334,
            "success_time": 25.210879802703857,
            "first_contact_times": {
                "red": 23.727712392807007,
                "green": 25.210879802703857,
                "blue": null
            }
        },
        "demo_02": {
            "success": true,
            "red_contact": true,
            "green_contact": true,
            "blue_contact": true,
            "timing": {
                "total_duration": 40.000449895858765,
                "success_time": 28.366557121276855,
                "first_contact_times": {
                    "red": 27.371294498443604,
                    "green": 28.366557121276855,
                    "blue": 26.990437507629395
                }
            },
            "path": "demo_02/success.json",
            "total_duration": 40.000449895858765,
            "success_time": 28.366557121276855,
            "first_contact_times": {
                "red": 27.371294498443604,
                "green": 28.366557121276855,
                "blue": 26.990437507629395
            }
        },
        "demo_03": {
            "success": true,
            "red_contact": true,
            "green_contact": true,
            "blue_contact": true,
            "timing": {
                "total_duration": 40.023630142211914,
                "success_time": 25.668275594711304,
                "first_contact_times": {
                    "red": 24.08113121986389,
                    "green": 25.668275594711304,
                    "blue": 25.302977561950684
                }
            },
            "path": "demo_03/success.json",
            "total_duration": 40.023630142211914,
            "success_time": 25.668275594711304,
            "first_contact_times": {
                "red": 24.08113121986389,
                "green": 25.668275594711304,
                "blue": 25.302977561950684
            }
        },
        "demo_04": {
            "success": false,
            "red_contact": true,
            "green_contact": true,
            "blue_contact": false,
            "timing": {
                "total_duration": 40.03504800796509,
                "success_time": 26.90190553665161,
                "first_contact_times": {
                    "red": 24.105955362319946,
                    "green": 26.90190553665161,
                    "blue": null
                }
            },
            "path": "demo_04/success.json",
            "total_duration": 40.03504800796509,
            "success_time": 26.90190553665161,
            "first_contact_times": {
                "red": 24.105955362319946,
                "green": 26.90190553665161,
                "blue": null
            }
        },
        "demo_05": {
            "success": false,
            "red_contact": false,
            "green_contact": true,
            "blue_contact": true,
            "timing": {
                "total_duration": 39.99898028373718,
                "success_time": 24.847952365875244,
                "first_contact_times": {
                    "red": null,
                    "green": 24.847952365875244,
                    "blue": 23.796350240707397
                }
            },
            "path": "demo_05/success.json",
            "total_duration": 39.99898028373718,
            "success_time": 24.847952365875244,
            "first_contact_times": {
                "red": null,
                "green": 24.847952365875244,
                "blue": 23.796350240707397
            }
        },
        "demo_06": {
            "success": false,
            "red_contact": true,
            "green_contact": false,
            "blue_contact": true,
            "timing": {
                "total_duration": 40.017581939697266,
                "success_time": 25.546485424041748,
                "first_contact_times": {
                    "red": 23.92835521697998,
                    "green": null,
                    "blue": 25.546485424041748
                }
            },
            "path": "demo_06/success.json",
            "total_duration": 40.017581939697266,
            "success_time": 25.546485424041748,
            "first_contact_times": {
                "red": 23.92835521697998,
                "green": null,
                "blue": 25.546485424041748
            }
        },
        "demo_07": {
            "success": true,
            "red_contact": true,
            "green_contact": true,
            "blue_contact": true,
            "timing": {
                "total_duration": 40.01159453392029,
                "success_time": 25.971860885620117,
                "first_contact_times": {
                    "red": 24.725177526474,
                    "green": 25.971860885620117,
                    "blue": 25.677445650100708
                }
            },
            "path": "demo_07/success.json",
            "total_duration": 40.01159453392029,
            "success_time": 25.971860885620117,
            "first_contact_times": {
                "red": 24.725177526474,
                "green": 25.971860885620117,
                "blue": 25.677445650100708
            }
        },
        "demo_08": {
            "error": "success.json not found",
            "path": "demo_08/success.json"
        }
    },
    "success_percentage": 42.857142857142854,
    "red_percentage": 85.71428571428571,
    "green_percentage": 85.71428571428571,
    "blue_percentage": 71.42857142857143,
    "timestamp": "2025-08-06T00:11:59.581712",
    "analysis_type": "post_processing"
}