{
    "cube": {
        "position": [
            -9.641838914831169e-06,
            5.11697908223141e-05,
            0.0012938585132360458
        ],
        "orientation": [
            0.9999917149543762,
            -0.00024896240211091936,
            -0.004041873384267092,
            -0.00030052091460675
        ]
    },
    "robot_1_tip": {
        "position": [
            0.035163089632987976,
            7.430594996549189e-05,
            0.0028102686628699303
        ],
        "orientation": [
            0.9587121605873108,
            0.0003880515869241208,
            0.2843779921531677,
            -0.00013738479174207896
        ]
    },
    "robot_2_tip": {
        "position": [
            -0.04523717612028122,
            -4.13439784097136e-06,
            0.00473225861787796
        ],
        "orientation": [
            0.9678067564964294,
            2.7081696316599846e-05,
            -0.2516941726207733,
            -0.0003604287630878389
        ]
    }
}