{
    "cube": {
        "position": [
            0.05981344357132912,
            0.01821240223944187,
            0.0010836870642378926
        ],
        "orientation": [
            0.3167472779750824,
            -5.6656022934475914e-05,
            -0.00016469371621496975,
            -0.9485098719596863
        ]
    },
    "robot_1_tip": {
        "position": [
            0.035163454711437225,
            7.400746108032763e-05,
            0.002809945959597826
        ],
        "orientation": [
            0.9587080478668213,
            0.0003846654435619712,
            0.28439152240753174,
            -0.00014000663941260427
        ]
    },
    "robot_2_tip": {
        "position": [
            -0.0452582910656929,
            -3.790891059907153e-05,
            0.0047272806987166405
        ],
        "orientation": [
            0.9698003530502319,
            -0.008288932964205742,
            -0.24370162189006805,
            0.005283627193421125
        ]
    },
    "meta": {
        "arm_names": [
            "PSM1",
            "PSM2"
        ],
        "teleop1_connection": "Phantom Omni-PSM1",
        "teleop2_connection": "MTMR-PSM2",
        "surgeon_name": "Alaa",
        "assistant_name": "Jiaqi",
        "mtm_scale": 0.4,
        "duration": 30
    }
}