{
    "meta": {
        "arm_names": [
            "PSM1",
            "PSM2",
            "PSM3"
        ],
        "teleop1_connection": "MTML-PSM1",
        "teleop2_connection": "MTMR-PSM2",
        "teleop3_connection": "PO-PSM3",
        "surgeon_name": "Alaa",
        "assistant_name": "Jiaqi",
        "mtm_scale": 0.4,
        "duration": 30
    },
    "cube_rigid_1": {
        "position": [
            0.0001369857636746019,
            0.004155593924224377,
            0.0012912045931443572
        ],
        "orientation": [
            0.7069528102874756,
            -0.7072572708129883,
            0.0016469386173412204,
            -0.0014166373293846846
        ]
    },
    "cube_rigid_2": {
        "position": [
            0.050000619143247604,
            0.010000187903642654,
            0.0012559181777760386
        ],
        "orientation": [
            0.9999640583992004,
            -0.00018852904031518847,
            0.00847494788467884,
            4.811255348613486e-05
        ]
    },
    "cube_rigid_3": {
        "position": [
            -0.04998825490474701,
            0.010059675201773643,
            0.0012951432727277279
        ],
        "orientation": [
            0.9999998807907104,
            8.454491762677208e-06,
            3.2446550903841853e-06,
            0.0002856614300981164
        ]
    },
    "cube_rigid_4": {
        "position": [
            4.942706368638028e-07,
            0.055000945925712585,
            0.004240461625158787
        ],
        "orientation": [
            0.9999935626983643,
            -0.0035730174276977777,
            3.3127983556369145e-07,
            -6.210282663232647e-06
        ]
    },
    "robot_1_tip": {
        "position": [
            0.057907022535800934,
            2.6675510525819845e-05,
            0.0020310115069150925
        ],
        "orientation": [
            0.9574126601219177,
            8.057698869379237e-05,
            0.28872284293174744,
            0.0003275137860327959
        ]
    },
    "robot_2_tip": {
        "position": [
            -0.05645690858364105,
            -6.065424167900346e-05,
            0.006754844915121794
        ],
        "orientation": [
            0.9583631157875061,
            -0.00014399486826732755,
            -0.28555190563201904,
            -0.000450886320322752
        ]
    },
    "robot_3_tip": {
        "position": [
            0.0001911125291371718,
            -0.011352362111210823,
            0.002348661422729492
        ],
        "orientation": [
            0.991913914680481,
            0.12689928710460663,
            0.0017583172302693129,
            0.00029715150594711304
        ]
    }
}