{
    "cubes": {
        "cube_rigid_1": {
            "position": [
                0.0001421499764546752,
                0.0041547734290361404,
                0.001290628919377923
            ],
            "orientation": [
                0.7070624828338623,
                -0.7071497440338135,
                0.0010586581192910671,
                -0.0008548005134798586
            ]
        },
        "cube_rigid_2": {
            "position": [
                0.05000049248337746,
                0.01000021118670702,
                0.0012562056072056293
            ],
            "orientation": [
                0.9999839663505554,
                -0.00017822356312535703,
                0.005655777174979448,
                1.6635332940495573e-05
            ]
        },
        "cube_rigid_3": {
            "position": [
                -0.04999217763543129,
                0.01005970872938633,
                0.0012951503740623593
            ],
            "orientation": [
                0.9999999403953552,
                -7.792325959599111e-06,
                1.242275402546511e-06,
                0.00023658201098442078
            ]
        },
        "cube_rigid_4": {
            "position": [
                4.943233875565056e-07,
                0.055000945925712585,
                0.004240456968545914
            ],
            "orientation": [
                0.9999935626983643,
                -0.0035721331369131804,
                1.6286592199321603e-06,
                -6.39222662357497e-06
            ]
        }
    },
    "robot_1_tip": {
        "position": [
            0.05745428055524826,
            -5.006592346035177e-06,
            0.0019883913919329643
        ],
        "orientation": [
            0.9526943564414978,
            -0.00019266974413767457,
            0.30392909049987793,
            0.0006650259019806981
        ]
    },
    "robot_2_tip": {
        "position": [
            -0.06093966215848923,
            -9.821005369303748e-05,
            0.002416360192000866
        ],
        "orientation": [
            0.9651654958724976,
            -0.000378460536012426,
            -0.2616395652294159,
            -0.00035839772317558527
        ]
    },
    "robot_3_tip": {
        "position": [
            0.00019098450138699263,
            -0.011351345106959343,
            0.002348870038986206
        ],
        "orientation": [
            0.991913378238678,
            0.1269042193889618,
            0.0017606668407097459,
            0.0002999169519171119
        ]
    },
    "meta": {
        "arm_names": [
            "PSM1",
            "PSM2",
            "PSM3"
        ],
        "teleop1_connection": "MTML-PSM1",
        "teleop2_connection": "MTMR-PSM2",
        "teleop3_connection": "PO-PSM3",
        "surgeon_name": "Alaa",
        "assistant_name": "Jiaqi",
        "mtm_scale": 0.4,
        "duration": 30
    }
}