{
    "meta": {
        "arm_names": [
            "PSM1",
            "PSM2",
            "PSM3"
        ],
        "teleop1_connection": "MTML-PSM1",
        "teleop2_connection": "MTMR-PSM2",
        "teleop3_connection": "PO-PSM3",
        "surgeon_name": "Alaa",
        "assistant_name": "Jiaqi",
        "mtm_scale": 0.4,
        "duration": 30
    },
    "cube_rigid_1": {
        "position": [
            0.00013698490511160344,
            0.004155600443482399,
            0.0012912196107208729
        ],
        "orientation": [
            0.706950843334198,
            -0.7072592973709106,
            0.0016468397807329893,
            -0.001416670042090118
        ]
    },
    "cube_rigid_2": {
        "position": [
            0.050000619143247604,
            0.01000018697232008,
            0.0012559177121147513
        ],
        "orientation": [
            0.9999640583992004,
            -0.00018825836014002562,
            0.008475691080093384,
            4.810342215932906e-05
        ]
    },
    "cube_rigid_3": {
        "position": [
            -0.04998825490474701,
            0.010059795342385769,
            0.0012951744720339775
        ],
        "orientation": [
            0.9999998807907104,
            7.24215351510793e-06,
            -5.931318369789551e-08,
            0.00028941044001840055
        ]
    },
    "cube_rigid_4": {
        "position": [
            4.943275371260825e-07,
            0.055000945925712585,
            0.004240454640239477
        ],
        "orientation": [
            0.9999935626983643,
            -0.003572280053049326,
            1.5699156392656732e-06,
            -6.39546851743944e-06
        ]
    },
    "robot_1_tip": {
        "position": [
            0.057907022535800934,
            2.6551719201961532e-05,
            0.0020309393294155598
        ],
        "orientation": [
            0.9574129581451416,
            8.09728226158768e-05,
            0.2887217402458191,
            0.0003328564635012299
        ]
    },
    "robot_2_tip": {
        "position": [
            -0.056456997990608215,
            -6.084732376621105e-05,
            0.006754734553396702
        ],
        "orientation": [
            0.9583644866943359,
            -0.00014429814473260194,
            -0.28554701805114746,
            -0.0004520161310210824
        ]
    },
    "robot_3_tip": {
        "position": [
            0.0001911125291371718,
            -0.011352362111210823,
            0.002348661422729492
        ],
        "orientation": [
            0.991913914680481,
            0.12689928710460663,
            0.0017583172302693129,
            0.00029715150594711304
        ]
    }
}