{
    "cube": {
        "position": [
            -8.842885108606424e-06,
            5.11311118316371e-05,
            0.0012938925065100193
        ],
        "orientation": [
            0.9999929070472717,
            -0.0002458144736010581,
            -0.00372291705571115,
            -0.0003053861146327108
        ]
    },
    "robot_1_tip": {
        "position": [
            0.03396070748567581,
            -1.5210190213110764e-05,
            0.00854712538421154
        ],
        "orientation": [
            0.9532476663589478,
            1.2116836842324119e-05,
            0.30219000577926636,
            -1.805558531486895e-05
        ]
    },
    "robot_2_tip": {
        "position": [
            -0.0468989834189415,
            -3.3626320146140642e-06,
            0.00761216226965189
        ],
        "orientation": [
            0.9678060412406921,
            3.3080043067457154e-05,
            -0.25169694423675537,
            -0.00035935957566834986
        ]
    },
    "meta": {
        "arm_names": [
            "PSM1",
            "PSM2"
        ],
        "teleop1_connection": "MTML-PSM1",
        "teleop2_connection": "MTMR-PSM2",
        "surgeon_name": "Jiaqi",
        "assistant_name": "Jiaqi",
        "mtm_scale": 0.8,
        "duration": 30
    }
}