{
    "cube": {
        "position": [
            0.028776047751307487,
            -0.014379486441612244,
            0.0010953767923638225
        ],
        "orientation": [
            0.7301986813545227,
            -0.00012478411372285336,
            0.00012901687296107411,
            0.6832347512245178
        ]
    },
    "robot_1_tip": {
        "position": [
            0.036452993750572205,
            -0.0053339144214987755,
            0.0030993567779660225
        ],
        "orientation": [
            0.9774673581123352,
            0.06006496772170067,
            0.16219769418239594,
            -0.12100212275981903
        ]
    },
    "robot_2_tip": {
        "position": [
            -0.04113512858748436,
            0.0019043750362470746,
            0.00499848835170269
        ],
        "orientation": [
            0.9560183882713318,
            -0.042317427694797516,
            -0.27986830472946167,
            0.07688754051923752
        ]
    },
    "meta": {
        "arm_names": [
            "PSM1",
            "PSM2"
        ],
        "teleop1_connection": "MTML-PSM1",
        "teleop2_connection": "MTMR-PSM2",
        "surgeon_name": "Jiaqi",
        "assistant_name": "Jiaqi",
        "mtm_scale": 0.8,
        "duration": 30
    }
}