{
    "cube": {
        "position": [
            0.020487451925873756,
            0.012201594188809395,
            0.0010859861504286528
        ],
        "orientation": [
            0.8919232487678528,
            -0.00015684917161706835,
            -8.037818042794243e-05,
            -0.45218658447265625
        ]
    },
    "robot_1_tip": {
        "position": [
            0.035377759486436844,
            6.346625741571188e-05,
            0.003167943097651005
        ],
        "orientation": [
            0.9706820845603943,
            -0.03888452425599098,
            0.23719164729118347,
            -0.0020763815846294165
        ]
    },
    "robot_2_tip": {
        "position": [
            -0.04523655027151108,
            -4.34782214142615e-06,
            0.0047314343973994255
        ],
        "orientation": [
            0.9678033590316772,
            2.8702248528134078e-05,
            -0.2517068684101105,
            -0.00035705952905118465
        ]
    },
    "meta": {
        "arm_names": [
            "PSM1",
            "PSM2"
        ],
        "teleop1_connection": "MTML-PSM1",
        "teleop2_connection": "MTMR-PSM2",
        "surgeon_name": "Jiaqi",
        "assistant_name": "Jiaqi",
        "mtm_scale": 0.8,
        "duration": 30
    }
}