{
    "cube": {
        "position": [
            0.030983254313468933,
            -0.0019301010761409998,
            0.0012822336284443736
        ],
        "orientation": [
            0.8450340628623962,
            -0.0004150204476900399,
            -4.752068434754619e-06,
            -0.5347121357917786
        ]
    },
    "robot_1_tip": {
        "position": [
            0.03516338765621185,
            7.3915311077144e-05,
            0.0028098165057599545
        ],
        "orientation": [
            0.9587092399597168,
            0.0003840320568997413,
            0.28438761830329895,
            -0.0001387875381624326
        ]
    },
    "robot_2_tip": {
        "position": [
            -0.04523714631795883,
            -4.344096851127688e-06,
            0.004732447676360607
        ],
        "orientation": [
            0.9678033590316772,
            2.8702248528134078e-05,
            -0.2517068684101105,
            -0.00035705952905118465
        ]
    },
    "meta": {
        "arm_names": [
            "PSM1",
            "PSM2"
        ],
        "teleop1_connection": "MTML-PSM1",
        "teleop2_connection": "MTMR-PSM2",
        "surgeon_name": "Jiaqi",
        "assistant_name": "Jiaqi",
        "mtm_scale": 0.8,
        "duration": 30
    }
}