{
    "position": [
        [
            3.1375166145153344e-06,
            5.2074898121645674e-05,
            0.001294274115934968
        ]
    ],
    "orientation": [
        [
            0.9999988079071045,
            -0.000826834118925035,
            0.0012094362173229456,
            -0.0003758379025384784
        ]
    ]
}