{
    "meta": {
        "arm_names": [
            "PSM1",
            "PSM2",
            "PSM3"
        ],
        "teleop1_connection": "MTML-PSM1",
        "teleop2_connection": "MTMR-PSM2",
        "teleop3_connection": "PO-PSM3",
        "surgeon_name": "Alaa",
        "assistant_name": "Jiaqi",
        "mtm_scale": 0.4,
        "duration": 30
    },
    "cube_rigid_1": {
        "position": [
            0.0001369859091937542,
            0.004155601840466261,
            0.00129120668862015
        ],
        "orientation": [
            0.7069504857063293,
            -0.7072596549987793,
            0.0016469955444335938,
            -0.0014165564207360148
        ]
    },
    "cube_rigid_2": {
        "position": [
            0.050000619143247604,
            0.01000018697232008,
            0.0012559142196550965
        ],
        "orientation": [
            0.9999640583992004,
            -0.0001884062949102372,
            0.008474958129227161,
            4.805536809726618e-05
        ]
    },
    "cube_rigid_3": {
        "position": [
            -0.04998825490474701,
            0.010059799998998642,
            0.001295166090130806
        ],
        "orientation": [
            0.9999998807907104,
            5.447559942695079e-06,
            2.0276185352940956e-07,
            0.00028946393285878
        ]
    },
    "cube_rigid_4": {
        "position": [
            4.939509494761296e-07,
            0.055000945925712585,
            0.004240482114255428
        ],
        "orientation": [
            0.999993622303009,
            -0.003573159920051694,
            2.3588095245941076e-06,
            -6.7267860686115455e-06
        ]
    },
    "robot_1_tip": {
        "position": [
            0.05790704861283302,
            2.6582396458252333e-05,
            0.0020310753025114536
        ],
        "orientation": [
            0.9574125409126282,
            7.996567728696391e-05,
            0.2887229919433594,
            0.0003275047638453543
        ]
    },
    "robot_2_tip": {
        "position": [
            -0.05645686760544777,
            -6.071176176192239e-05,
            0.00675477460026741
        ],
        "orientation": [
            0.9583625197410583,
            -0.00014462071703746915,
            -0.285553902387619,
            -0.0004515714826993644
        ]
    },
    "robot_3_tip": {
        "position": [
            0.0001911125291371718,
            -0.011352362111210823,
            0.002348661422729492
        ],
        "orientation": [
            0.991913914680481,
            0.12689928710460663,
            0.0017583172302693129,
            0.00029715150594711304
        ]
    }
}