{
    "cube": {
        "position": [
            0.04477138817310333,
            0.004202134441584349,
            0.001183546963147819
        ],
        "orientation": [
            0.002419816330075264,
            -0.003162916051223874,
            -0.00018748242291621864,
            -0.9999920725822449
        ]
    },
    "robot_1_tip": {
        "position": [
            0.03516345098614693,
            7.397918670903891e-05,
            0.0028099194169044495
        ],
        "orientation": [
            0.9587081074714661,
            0.00038462496013380587,
            0.28439128398895264,
            -0.00014010908489581198
        ]
    },
    "robot_2_tip": {
        "position": [
            -0.045258261263370514,
            -7.335170812439173e-05,
            0.0048057083040475845
        ],
        "orientation": [
            0.9696400165557861,
            -0.014545319601893425,
            -0.2436855286359787,
            0.014277112670242786
        ]
    },
    "meta": {
        "arm_names": [
            "PSM1",
            "PSM2"
        ],
        "teleop1_connection": "Phantom Omni-PSM1",
        "teleop2_connection": "MTMR-PSM2",
        "surgeon_name": "Alaa",
        "assistant_name": "Jiaqi",
        "mtm_scale": 0.4,
        "duration": 30
    }
}