{
    "meta": {
        "arm_names": [
            "PSM1",
            "PSM2",
            "PSM3"
        ],
        "teleop1_connection": "MTML-PSM1",
        "teleop2_connection": "MTMR-PSM2",
        "teleop3_connection": "PO-PSM3",
        "surgeon_name": "Alaa",
        "assistant_name": "Jiaqi",
        "mtm_scale": 0.4,
        "duration": 30
    },
    "cube_rigid_1": {
        "position": [
            0.002067144028842449,
            -0.023763535544276237,
            0.0012948632938787341
        ],
        "orientation": [
            0.9748849272727966,
            6.277211923588766e-06,
            1.2880562962891418e-06,
            0.22270874679088593
        ]
    },
    "cube_rigid_2": {
        "position": [
            0.047181032598018646,
            0.005951493978500366,
            0.0010881241178140044
        ],
        "orientation": [
            0.8897349834442139,
            -0.00016052827413659543,
            -7.921700307633728e-05,
            -0.4564773440361023
        ]
    },
    "cube_rigid_3": {
        "position": [
            -0.0487726554274559,
            0.016528919339179993,
            0.0010846017394214869
        ],
        "orientation": [
            0.9832163453102112,
            -0.0001585805439390242,
            3.6661145713878796e-05,
            0.18244321644306183
        ]
    },
    "cube_rigid_4": {
        "position": [
            8.127334467644687e-07,
            0.05500032380223274,
            0.004070370923727751
        ],
        "orientation": [
            0.9999841451644897,
            0.003881788579747081,
            0.004061263520270586,
            1.0569282693495552e-07
        ]
    },
    "robot_1_tip": {
        "position": [
            0.0590163879096508,
            -7.108593126758933e-05,
            0.0019326498731970787
        ],
        "orientation": [
            0.9721962809562683,
            -0.03542065620422363,
            0.23147211968898773,
            -0.0006279702065512538
        ]
    },
    "robot_2_tip": {
        "position": [
            -0.05759650096297264,
            -6.471032975241542e-05,
            0.004349499940872192
        ],
        "orientation": [
            0.970196008682251,
            -0.037900716066360474,
            -0.23911328613758087,
            0.010397715494036674
        ]
    },
    "robot_3_tip": {
        "position": [
            0.001151383388787508,
            -0.021511107683181763,
            0.0006351564079523087
        ],
        "orientation": [
            0.9607639908790588,
            -0.26730984449386597,
            0.002376002259552479,
            0.0739753469824791
        ]
    }
}