{
    "meta": {
        "arm_names": [
            "PSM1",
            "PSM2",
            "PSM3"
        ],
        "teleop1_connection": "MTML-PSM1",
        "teleop2_connection": "MTMR-PSM2",
        "teleop3_connection": "PO-PSM3",
        "surgeon_name": "Alaa",
        "assistant_name": "Jiaqi",
        "mtm_scale": 0.4,
        "duration": 30
    },
    "cube_rigid_1": {
        "position": [
            0.0001421419292455539,
            0.004155101254582405,
            0.0012906998163089156
        ],
        "orientation": [
            0.7070381045341492,
            -0.7071741223335266,
            0.0010579125955700874,
            -0.0008546346798539162
        ]
    },
    "cube_rigid_2": {
        "position": [
            0.05000049248337746,
            0.01000021118670702,
            0.0012562150368466973
        ],
        "orientation": [
            0.9999839663505554,
            -0.00018027554324362427,
            0.005654866341501474,
            1.662045542616397e-05
        ]
    },
    "cube_rigid_3": {
        "position": [
            -0.04999217763543129,
            0.010059649124741554,
            0.00129514723084867
        ],
        "orientation": [
            0.9999999403953552,
            3.273273023296497e-06,
            1.2855391560151475e-06,
            0.000237927699345164
        ]
    },
    "cube_rigid_4": {
        "position": [
            4.943281055602711e-07,
            0.05500094220042229,
            0.004240462090820074
        ],
        "orientation": [
            0.9999935626983643,
            -0.003572171786800027,
            1.6367879425160936e-06,
            -6.400224719982361e-06
        ]
    },
    "robot_1_tip": {
        "position": [
            0.057454243302345276,
            -5.052615961176343e-06,
            0.001988395117223263
        ],
        "orientation": [
            0.9526943564414978,
            -0.0001932000886881724,
            0.3039292097091675,
            0.0006651361472904682
        ]
    },
    "robot_2_tip": {
        "position": [
            -0.06093964725732803,
            -9.812923235585913e-05,
            0.002416386269032955
        ],
        "orientation": [
            0.9651648998260498,
            -0.00037787447217851877,
            -0.2616417706012726,
            -0.0003583596844691783
        ]
    },
    "robot_3_tip": {
        "position": [
            0.00019101906218566,
            -0.011351367458701134,
            0.002348829060792923
        ],
        "orientation": [
            0.9919134974479675,
            0.12690332531929016,
            0.0017583955777809024,
            0.0002990650827996433
        ]
    }
}