{
    "cube": {
        "position": [
            0.044056039303541183,
            -0.020163485780358315,
            0.001097426749765873
        ],
        "orientation": [
            0.21107538044452667,
            -3.513477713568136e-05,
            0.00017822222434915602,
            0.9774696826934814
        ]
    },
    "robot_1_tip": {
        "position": [
            0.03849315643310547,
            -0.007047707214951515,
            0.018002143129706383
        ],
        "orientation": [
            0.6392048597335815,
            -0.040579479187726974,
            0.2797894775867462,
            -0.7151840925216675
        ]
    },
    "robot_2_tip": {
        "position": [
            -0.04523681104183197,
            -4.1178900573868304e-06,
            0.004731675609946251
        ],
        "orientation": [
            0.9678035378456116,
            2.8540263883769512e-05,
            -0.25170621275901794,
            -0.0003570129629224539
        ]
    },
    "meta": {
        "arm_names": [
            "PSM1",
            "PSM2"
        ],
        "teleop1_connection": "MTML-PSM1",
        "teleop2_connection": "MTMR-PSM2",
        "surgeon_name": "Jiaqi",
        "assistant_name": "Jiaqi",
        "mtm_scale": 0.8,
        "duration": 30
    }
}