{
    "meta": {
        "arm_names": [
            "PSM1",
            "PSM2",
            "PSM3"
        ],
        "teleop1_connection": "MTML-PSM1",
        "teleop2_connection": "MTMR-PSM2",
        "teleop3_connection": "PO-PSM3",
        "surgeon_name": "Alaa",
        "assistant_name": "Jiaqi",
        "mtm_scale": 0.4,
        "duration": 30
    },
    "cube_rigid_1": {
        "position": [
            0.006833501160144806,
            0.005168336443603039,
            0.0012879034038633108
        ],
        "orientation": [
            0.8951963782310486,
            -0.0004558259097393602,
            3.8126363506307825e-05,
            -0.4456714689731598
        ]
    },
    "cube_rigid_2": {
        "position": [
            0.04816451668739319,
            0.002738764276728034,
            0.0012711036251857877
        ],
        "orientation": [
            0.999773383140564,
            -0.00043227599235251546,
            0.000217406457522884,
            -0.02127852477133274
        ]
    },
    "cube_rigid_3": {
        "position": [
            -0.053327348083257675,
            0.02660250850021839,
            0.0012912803795188665
        ],
        "orientation": [
            0.899840235710144,
            0.024988235905766487,
            -0.008212976157665253,
            -0.4354258179664612
        ]
    },
    "cube_rigid_4": {
        "position": [
            1.4548722901963629e-06,
            0.05500224232673645,
            0.004255521111190319
        ],
        "orientation": [
            0.9999998807907104,
            -0.0003559015749488026,
            0.00022695588995702565,
            -1.0301371311527419e-08
        ]
    },
    "robot_1_tip": {
        "position": [
            0.06088070943951607,
            0.0001290868385694921,
            0.0016836579889059067
        ],
        "orientation": [
            0.9733162522315979,
            -0.034127578139305115,
            0.22691090404987335,
            -0.0014234669506549835
        ]
    },
    "robot_2_tip": {
        "position": [
            -0.0609363354742527,
            -0.00015990421525202692,
            0.002321770414710045
        ],
        "orientation": [
            0.9735419154167175,
            -0.03591090813279152,
            -0.2252001166343689,
            0.014535869471728802
        ]
    },
    "robot_3_tip": {
        "position": [
            0.0001991620083572343,
            -0.008734991773962975,
            0.0019246544688940048
        ],
        "orientation": [
            0.9901944398880005,
            0.1396850049495697,
            0.001722784829325974,
            0.00035192762152291834
        ]
    }
}