{
    "meta": {
        "arm_names": [
            "PSM1",
            "PSM2",
            "PSM3"
        ],
        "teleop1_connection": "MTML-PSM1",
        "teleop2_connection": "MTMR-PSM2",
        "teleop3_connection": "PO-PSM3",
        "surgeon_name": "Alaa",
        "assistant_name": "Jiaqi",
        "mtm_scale": 0.4,
        "duration": 30
    },
    "cube_rigid_1": {
        "position": [
            -0.006334290839731693,
            -0.00379684055224061,
            0.0011388221755623817
        ],
        "orientation": [
            0.9206696152687073,
            0.004925156477838755,
            -0.0031147634144872427,
            -0.39029914140701294
        ]
    },
    "cube_rigid_2": {
        "position": [
            0.04550905963778496,
            0.025326690590381622,
            0.0012594766449183226
        ],
        "orientation": [
            0.8491786122322083,
            -0.00041831389535218477,
            4.430028468505043e-07,
            -0.5281054377555847
        ]
    },
    "cube_rigid_3": {
        "position": [
            -0.05375993624329567,
            0.01596314087510109,
            0.0012894668616354465
        ],
        "orientation": [
            0.8622233271598816,
            0.024462856352329254,
            -0.008363205008208752,
            -0.5058679580688477
        ]
    },
    "cube_rigid_4": {
        "position": [
            1.0098436860062066e-06,
            0.05500013008713722,
            0.0040704780258238316
        ],
        "orientation": [
            0.9999687075614929,
            0.005503497086465359,
            0.005683785304427147,
            7.182267722782854e-07
        ]
    },
    "robot_1_tip": {
        "position": [
            0.05884799361228943,
            3.344437573105097e-06,
            0.001580934040248394
        ],
        "orientation": [
            0.9714540243148804,
            -0.03490373492240906,
            0.23462937772274017,
            -0.002801185939460993
        ]
    },
    "robot_2_tip": {
        "position": [
            -0.05759816989302635,
            -6.409798515960574e-05,
            0.004339002072811127
        ],
        "orientation": [
            0.9711378812789917,
            -0.03706911951303482,
            -0.23547978699207306,
            0.008146212436258793
        ]
    },
    "robot_3_tip": {
        "position": [
            0.00019613956101238728,
            -0.00887288898229599,
            0.002489181235432625
        ],
        "orientation": [
            0.9901798367500305,
            0.13978783786296844,
            0.0017667035572230816,
            0.00035575623041950166
        ]
    }
}