{
    "cube": {
        "position": [
            -5.612292625301052e-06,
            -7.391830149572343e-05,
            0.0012873063096776605
        ],
        "orientation": [
            0.9994174838066101,
            0.03403591737151146,
            -0.0024736770428717136,
            4.241185524733737e-05
        ]
    },
    "robot_1_tip": {
        "position": [
            0.04514188691973686,
            -2.930462869699113e-06,
            0.021962309256196022
        ],
        "orientation": [
            0.9540111422538757,
            -7.264279702212662e-05,
            0.2997710108757019,
            0.00011661533790174872
        ]
    },
    "robot_2_tip": {
        "position": [
            -0.04908676818013191,
            3.087577852056711e-06,
            0.017366774380207062
        ],
        "orientation": [
            0.9629865884780884,
            -4.810589234693907e-05,
            -0.2695485055446625,
            0.000515033898409456
        ]
    },
    "robot_3_tip": {
        "position": [
            -6.264932744670659e-05,
            -0.01988746039569378,
            0.0047527579590678215
        ],
        "orientation": [
            0.9900065064430237,
            0.1409863531589508,
            0.0030521913431584835,
            0.0007529298891313374
        ]
    },
    "meta": {
        "arm_names": [
            "PSM1",
            "PSM2",
            "PSM3"
        ],
        "teleop1_connection": "MTML-PSM1",
        "teleop2_connection": "MTMR-PSM2",
        "teleop3_connection": "PO-PSM3",
        "surgeon_name": "Alaa",
        "assistant_name": "Jiaqi",
        "mtm_scale": 0.4,
        "duration": 30
    }
}