{
    "cube": {
        "position": [
            -4.869818894803757e-06,
            5.097476969240233e-05,
            0.0012940114829689264
        ],
        "orientation": [
            0.9999976754188538,
            -0.0002299889747519046,
            -0.0021176147274672985,
            -0.00032969520543701947
        ]
    },
    "robot_1_tip": {
        "position": [
            0.03396094962954521,
            -1.5341640391852707e-05,
            0.008546791970729828
        ],
        "orientation": [
            0.9532536268234253,
            1.5409807019750588e-05,
            0.3021712005138397,
            -1.5590259181408328e-06
        ]
    },
    "robot_2_tip": {
        "position": [
            -0.04523714631795883,
            -4.344096851127688e-06,
            0.004732477478682995
        ],
        "orientation": [
            0.9678033590316772,
            2.8702248528134078e-05,
            -0.2517068684101105,
            -0.00035705952905118465
        ]
    },
    "meta": {
        "arm_names": [
            "PSM1",
            "PSM2"
        ],
        "teleop1_connection": "MTML-PSM1",
        "teleop2_connection": "MTMR-PSM2",
        "surgeon_name": "Jiaqi",
        "assistant_name": "Jiaqi",
        "mtm_scale": 0.8,
        "duration": 30
    }
}