{
    "cube": {
        "position": [
            0.02190523035824299,
            -0.005477888509631157,
            0.001092248479835689
        ],
        "orientation": [
            0.9328656792640686,
            -0.00016686944582033902,
            6.482817843789235e-05,
            0.3602240979671478
        ]
    },
    "robot_1_tip": {
        "position": [
            0.034195952117443085,
            -0.005335530266165733,
            0.0018008304759860039
        ],
        "orientation": [
            0.9674865007400513,
            0.008818725124001503,
            0.2424335479736328,
            -0.07154041528701782
        ]
    },
    "robot_2_tip": {
        "position": [
            -0.04173196852207184,
            0.001470724819228053,
            0.007130872458219528
        ],
        "orientation": [
            0.96209716796875,
            -0.016903793439269066,
            -0.27152982354164124,
            0.01883324608206749
        ]
    },
    "meta": {
        "arm_names": [
            "PSM1",
            "PSM2"
        ],
        "teleop1_connection": "MTML-PSM1",
        "teleop2_connection": "MTMR-PSM2",
        "surgeon_name": "Jiaqi",
        "assistant_name": "Jiaqi",
        "mtm_scale": 0.8,
        "duration": 30
    }
}