{
    "cube": {
        "position": [
            5.893674369872315e-06,
            6.685745029244572e-05,
            0.0012944259215146303
        ],
        "orientation": [
            0.9999970197677612,
            -0.00016972741286735982,
            0.002353496151044965,
            -0.0005508699687197804
        ]
    },
    "robot_1_tip": {
        "position": [
            0.030588701367378235,
            0.00014485893188975751,
            0.004232647828757763
        ],
        "orientation": [
            0.9684704542160034,
            0.0007969164289534092,
            0.24912676215171814,
            -0.00015721640374977142
        ]
    },
    "robot_2_tip": {
        "position": [
            -0.03303997963666916,
            6.2633025663672015e-06,
            0.008540970273315907
        ],
        "orientation": [
            0.9676461815834045,
            2.5322817236883566e-05,
            -0.2523108124732971,
            -0.00015413618530146778
        ]
    },
    "robot_3_tip": {
        "position": [
            6.938496517250314e-05,
            -0.022265443578362465,
            0.011625380255281925
        ],
        "orientation": [
            0.990571916103363,
            0.13695868849754333,
            -0.0030568810179829597,
            -0.00027022071299143136
        ]
    },
    "meta": {
        "arm_names": [
            "PSM1",
            "PSM2",
            "PSM3"
        ],
        "teleop1_connection": "MTML-PSM1",
        "teleop2_connection": "MTMR-PSM2",
        "teleop3_connection": "PO-PSM3",
        "surgeon_name": "Alaa",
        "assistant_name": "Jiaqi",
        "mtm_scale": 0.4,
        "duration": 30
    }
}