{
    "cube": {
        "position": [
            0.02111883834004402,
            -0.03335141763091087,
            0.0012947884388267994
        ],
        "orientation": [
            0.9808991551399231,
            -2.057351593975909e-06,
            3.07804589283478e-06,
            -0.1945166289806366
        ]
    },
    "robot_1_tip": {
        "position": [
            0.029248714447021484,
            0.00020388804841786623,
            0.002009797841310501
        ],
        "orientation": [
            0.9781640768051147,
            -0.028619419783353806,
            0.2058480679988861,
            0.0015515554696321487
        ]
    },
    "robot_2_tip": {
        "position": [
            -0.03219087794423103,
            1.3213430065661669e-05,
            0.007073446176946163
        ],
        "orientation": [
            0.9752444624900818,
            -0.03199196979403496,
            -0.21831847727298737,
            0.014551090076565742
        ]
    },
    "robot_3_tip": {
        "position": [
            7.202813139883801e-05,
            -0.02105747163295746,
            0.007450845092535019
        ],
        "orientation": [
            0.9905615448951721,
            0.1370343267917633,
            -0.003049761289730668,
            -0.0002687069936655462
        ]
    },
    "meta": {
        "arm_names": [
            "PSM1",
            "PSM2",
            "PSM3"
        ],
        "teleop1_connection": "MTML-PSM1",
        "teleop2_connection": "MTMR-PSM2",
        "teleop3_connection": "PO-PSM3",
        "surgeon_name": "Alaa",
        "assistant_name": "Jiaqi",
        "mtm_scale": 0.4,
        "duration": 30
    }
}