{
    "cube": {
        "position": [
            0.03726990520954132,
            0.010173849761486053,
            0.0012508274521678686
        ],
        "orientation": [
            0.34640419483184814,
            0.0116582615301013,
            0.03606724366545677,
            0.9373191595077515
        ]
    },
    "robot_1_tip": {
        "position": [
            0.04556329548358917,
            -0.0012816975358873606,
            0.0007238928228616714
        ],
        "orientation": [
            0.9848445057868958,
            0.013763145543634892,
            0.17180027067661285,
            -0.019402313977479935
        ]
    },
    "robot_2_tip": {
        "position": [
            -0.04205811396241188,
            0.0025708412285894156,
            0.003528638742864132
        ],
        "orientation": [
            0.9643159508705139,
            0.01870926283299923,
            -0.26381808519363403,
            0.012030992656946182
        ]
    },
    "meta": {
        "arm_names": [
            "PSM1",
            "PSM2"
        ],
        "teleop1_connection": "MTML-PSM1",
        "teleop2_connection": "MTMR-PSM2",
        "surgeon_name": "Jiaqi",
        "assistant_name": "Jiaqi",
        "mtm_scale": 0.8,
        "duration": 30
    }
}