{
    "meta": {
        "arm_names": [
            "PSM1",
            "PSM2",
            "PSM3"
        ],
        "teleop1_connection": "MTML-PSM1",
        "teleop2_connection": "MTMR-PSM2",
        "teleop3_connection": "PO-PSM3",
        "surgeon_name": "Alaa",
        "assistant_name": "Jiaqi",
        "mtm_scale": 0.4,
        "duration": 30
    },
    "cube_rigid_1": {
        "position": [
            0.007879190146923065,
            -0.002257490297779441,
            0.0012919665314257145
        ],
        "orientation": [
            0.9029804468154907,
            -0.00032257213024422526,
            7.397340232273564e-05,
            -0.4296815097332001
        ]
    },
    "cube_rigid_2": {
        "position": [
            0.05054694041609764,
            0.01936485804617405,
            0.0010833271080628037
        ],
        "orientation": [
            0.9424402117729187,
            -0.00016829422384034842,
            6.0231483075767756e-05,
            0.33437469601631165
        ]
    },
    "cube_rigid_3": {
        "position": [
            -0.0500766783952713,
            0.01509248185902834,
            0.0010851146653294563
        ],
        "orientation": [
            0.9987760782241821,
            -0.0001809824607335031,
            -6.788483460695716e-06,
            -0.04945890232920647
        ]
    },
    "cube_rigid_4": {
        "position": [
            1.011713493426214e-06,
            0.055000126361846924,
            0.004070468246936798
        ],
        "orientation": [
            0.9999684691429138,
            0.005515670869499445,
            0.005695727653801441,
            7.027975357232208e-07
        ]
    },
    "robot_1_tip": {
        "position": [
            0.05897114425897598,
            2.5031278710230254e-05,
            0.0018484964966773987
        ],
        "orientation": [
            0.9601485133171082,
            6.675013719359413e-05,
            0.27949026226997375,
            5.406871059676632e-05
        ]
    },
    "robot_2_tip": {
        "position": [
            -0.05759439244866371,
            -6.181043136166409e-05,
            0.0043463557958602905
        ],
        "orientation": [
            0.9611608982086182,
            -0.00014448293950408697,
            -0.27598801255226135,
            -0.0004510496510192752
        ]
    },
    "robot_3_tip": {
        "position": [
            0.00019806191266980022,
            -0.008733099326491356,
            0.001925623044371605
        ],
        "orientation": [
            0.9901957511901855,
            0.1396758258342743,
            0.0017043581465259194,
            0.00033453962532803416
        ]
    }
}