{
    "cube": {
        "position": [
            -7.800860657880548e-06,
            5.1091374189127237e-05,
            0.0012939220760017633
        ],
        "orientation": [
            0.9999943971633911,
            -0.00024097888672258705,
            -0.0033047639299184084,
            -0.00031234585912898183
        ]
    },
    "robot_1_tip": {
        "position": [
            0.035163506865501404,
            7.443434878950939e-05,
            0.0028100968338549137
        ],
        "orientation": [
            0.958716869354248,
            0.00039500457933172584,
            0.2843618392944336,
            -0.00012268581485841423
        ]
    },
    "robot_2_tip": {
        "position": [
            -0.045237280428409576,
            -3.9370133890770376e-06,
            0.004732261411845684
        ],
        "orientation": [
            0.967811107635498,
            2.6233718017465435e-05,
            -0.25167718529701233,
            -0.000375796458683908
        ]
    }
}