{
    "meta": {
        "arm_names": [
            "PSM1",
            "PSM2",
            "PSM3"
        ],
        "teleop1_connection": "MTML-PSM1",
        "teleop2_connection": "MTMR-PSM2",
        "teleop3_connection": "PO-PSM3",
        "surgeon_name": "Alaa",
        "assistant_name": "Jiaqi",
        "mtm_scale": 0.4,
        "duration": 30
    },
    "cube_rigid_1": {
        "position": [
            0.006166733801364899,
            0.006359808146953583,
            0.0012875210959464312
        ],
        "orientation": [
            0.9133213758468628,
            -0.0004140741075389087,
            5.837411663378589e-05,
            -0.4072391390800476
        ]
    },
    "cube_rigid_2": {
        "position": [
            0.050737831741571426,
            0.008408614434301853,
            0.0010872343555092812
        ],
        "orientation": [
            0.9990988969802856,
            -0.00018255587201565504,
            -6.178066087159095e-06,
            -0.042441997677087784
        ]
    },
    "cube_rigid_3": {
        "position": [
            -0.049975089728832245,
            0.007570168934762478,
            0.0010878114262595773
        ],
        "orientation": [
            0.9970438480377197,
            -0.00016044014773797244,
            1.4224428014131263e-05,
            0.07683436572551727
        ]
    },
    "cube_rigid_4": {
        "position": [
            9.301633099312312e-07,
            0.05500020831823349,
            0.0040704598650336266
        ],
        "orientation": [
            0.9999757409095764,
            0.0048346440307796,
            0.005014871712774038,
            6.489138826282215e-08
        ]
    },
    "robot_1_tip": {
        "position": [
            0.060868557542562485,
            0.00012000754941254854,
            0.0016739070415496826
        ],
        "orientation": [
            0.972685694694519,
            -0.03320283442735672,
            0.2297358512878418,
            -0.0012294782791286707
        ]
    },
    "robot_2_tip": {
        "position": [
            -0.06093345209956169,
            -0.00018113094847649336,
            0.002319648861885071
        ],
        "orientation": [
            0.973416268825531,
            -0.03634154051542282,
            -0.2257644087076187,
            0.013057059608399868
        ]
    },
    "robot_3_tip": {
        "position": [
            0.00020094196952413768,
            -0.008739393204450607,
            0.0019234595820307732
        ],
        "orientation": [
            0.9902018308639526,
            0.13963019847869873,
            0.0017735002329573035,
            0.000783446419518441
        ]
    }
}