{
    "position": [
        0.07320855679249462,
        0.010621242048262022,
        0.0
    ],
    "orientation": [
        0.10111017283332009,
        0.0,
        0.0,
        -0.9948752348659686
    ]
}