{
    "position": [
        0.02258221944569501,
        -0.03516408842062784,
        0.0
    ],
    "orientation": [
        0.6839051017331621,
        0.0,
        0.0,
        0.7295709779201426
    ]
}