{
    "position": [
        -0.013972694012581777,
        0.004076625309985225,
        0.0
    ],
    "orientation": [
        0.6545748177603536,
        0.0,
        0.0,
        -0.7559972274777202
    ]
}