{
    "cube": {
        "position": [
            -5.6103276619978715e-06,
            -7.369745435426012e-05,
            0.0012873141095042229
        ],
        "orientation": [
            0.9994184970855713,
            0.03400803357362747,
            -0.0024733429308980703,
            4.0128241380443797e-05
        ]
    },
    "robot_1_tip": {
        "position": [
            0.04514184221625328,
            -2.929021320596803e-06,
            0.021962370723485947
        ],
        "orientation": [
            0.954011082649231,
            -7.260229904204607e-05,
            0.2997710704803467,
            0.00011659112351480871
        ]
    },
    "robot_2_tip": {
        "position": [
            -0.04908694699406624,
            3.090093514401815e-06,
            0.017366833984851837
        ],
        "orientation": [
            0.9629865884780884,
            -4.84978809254244e-05,
            -0.2695485055446625,
            0.0005217349389567971
        ]
    },
    "robot_3_tip": {
        "position": [
            -6.265037518460304e-05,
            -0.019887471571564674,
            0.004752754233777523
        ],
        "orientation": [
            0.9900065660476685,
            0.14098598062992096,
            0.0030522076413035393,
            0.0007528737187385559
        ]
    },
    "meta": {
        "arm_names": [
            "PSM1",
            "PSM2",
            "PSM3"
        ],
        "teleop1_connection": "MTML-PSM1",
        "teleop2_connection": "MTMR-PSM2",
        "teleop3_connection": "PO-PSM3",
        "surgeon_name": "Alaa",
        "assistant_name": "Jiaqi",
        "mtm_scale": 0.4,
        "duration": 30
    }
}