{
    "cube": {
        "position": [
            5.915087513130857e-06,
            0.00010359647421864793,
            0.0022941650822758675
        ],
        "orientation": [
            0.9999998211860657,
            -0.00019865787180606276,
            0.00022394704865291715,
            -0.0003666081465780735
        ]
    },
    "robot_1_tip": {
        "position": [
            0.03240029513835907,
            1.1608111663008458e-06,
            0.00591787276789546
        ],
        "orientation": [
            0.9541080594062805,
            -0.00014377309707924724,
            0.29946213960647583,
            -0.00036330881994217634
        ]
    },
    "robot_2_tip": {
        "position": [
            -0.03095080517232418,
            -1.3169280464353506e-05,
            0.002055794931948185
        ],
        "orientation": [
            0.9586973190307617,
            0.00018392445053905249,
            -0.28442665934562683,
            -0.0008472988265566528
        ]
    },
    "robot_3_tip": {
        "position": [
            4.664045263780281e-05,
            -0.0202221367508173,
            0.005223345011472702
        ],
        "orientation": [
            0.9900099039077759,
            0.14098778367042542,
            -0.0016421356704086065,
            -9.410404891241342e-05
        ]
    },
    "meta": {
        "arm_names": [
            "PSM1",
            "PSM2",
            "PSM3"
        ],
        "teleop1_connection": "MTML-PSM1",
        "teleop2_connection": "MTMR-PSM2",
        "teleop3_connection": "PO-PSM3",
        "surgeon_name": "Alaa",
        "assistant_name": "Jiaqi",
        "mtm_scale": 0.4,
        "duration": 30
    }
}